[
    {
        "idProducto": "RF03",
        "nombre": "Paracetamol",
        "nombreGene": "Acetaminophen",
        "formaFarma": "Tableta",
        "unidadMe": "mg",
        "presenta": "30 tabletas",
        "princiInca": "Alivio del dolor",
        "contraIndi": "Hipersensibilidad al paracetamol",
        "concentra": "500 mg",
        "unidades": "30",
        "precio": "$55.99",
        "ruta": "ruta/paracetamol.jpg",
        "codigoBarras": "123456789",
        "estatus": "Activo"
    },
    {
        "idProducto": "RF03",
        "nombre": "Ibuprofeno",
        "nombreGene": "Ibuprofen",
        "formaFarma": "Cápsula",
        "unidadMe": "mg",
        "presenta": "20 cápsulas",
        "princiInca": "Alivio de la inflamación",
        "contraIndi": "Úlcera péptica activa",
        "concentra": "200 mg",
        "unidades": "20",
        "precio": "$44.49",
        "ruta": "ruta/ibuprofeno.jpg",
        "codigoBarras": "987654321",
        "estatus": "Activo"
    },
    {
        "idProducto": "RF03",
        "nombre": "Omeprazol",
        "nombreGene": "Omeprazole",
        "formaFarma": "Tableta",
        "unidadMe": "mg",
        "presenta": "14 tabletas",
        "princiInca": "Tratamiento de úlceras",
        "contraIndi": "Hipersensibilidad al omeprazol",
        "concentra": "20 mg",
        "unidades": "14",
        "precio": "$36.75",
        "ruta": "ruta/omeprazol.jpg",
        "codigoBarras": "456789123",
        "estatus": "Activo"
    },
    {
        "idProducto": "RF03",
        "nombre": "Loratadina",
        "nombreGene": "Loratadine",
        "formaFarma": "Tableta",
        "unidadMe": "mg",
        "presenta": "30 tabletas",
        "princiInca": "Alivio de la alergia",
        "contraIndi": "Embarazo y lactancia",
        "concentra": "10 mg",
        "unidades": "30",
        "precio": "$43.99",
        "ruta": "ruta/loratadina.jpg",
        "codigoBarras": "789123456",
        "estatus": "Activo"
    },
    {
        "idProducto": "RF03",
        "nombre": "Amoxicilina",
        "nombreGene": "Amoxicillin",
        "formaFarma": "Cápsula",
        "unidadMe": "mg",
        "presenta": "10 cápsulas",
        "princiInca": "Tratamiento de infecciones",
        "contraIndi": "Hipersensibilidad a las penicilinas",
        "concentra": "500 mg",
        "unidades": "10",
        "precio": "$27.25",
        "ruta": "ruta/amoxicilina.jpg",
        "codigoBarras": "321654987",
        "estatus": "Activo"
    },
    {
        "idProducto": "RF03",
        "nombre": "Aspirina",
        "nombreGene": "Aspirin",
        "formaFarma": "Tableta",
        "unidadMe": "mg",
        "presenta": "50 tabletas",
        "princiInca": "Alivio del dolor y fiebre",
        "contraIndi": "Úlcera gástrica activa",
        "concentra": "325 mg",
        "unidades": "50",
        "precio": "$32.99",
        "ruta": "ruta/aspirina.jpg",
        "codigoBarras": "654987321",
        "estatus": "Activo"
    },
    {
        "idProducto": "RF03",
        "nombre": "Simvastatina",
        "nombreGene": "Simvastatin",
        "formaFarma": "Tableta",
        "unidadMe": "mg",
        "presenta": "30 tabletas",
        "princiInca": "Reducción del colesterol",
        "contraIndi": "Enfermedad hepática",
        "concentra": "20 mg",
        "unidades": "30",
        "precio": "$81.15",
        "ruta": "ruta/simvastatina.jpg",
        "codigoBarras": "789456123",
        "estatus": "Activo"
    },
    {
        "idProducto": "RF03",
        "nombre": "Metformina",
        "nombreGene": "Metformin",
        "formaFarma": "Tableta",
        "unidadMe": "mg",
        "presenta": "60 tabletas",
        "princiInca": "Tratamiento de la diabetes",
        "contraIndi": "Insuficiencia renal",
        "concentra": "1000 mg",
        "unidades": "60",
        "precio": "$52.50",
        "ruta": "ruta/metformina.jpg",
        "codigoBarras": "951753852",
        "estatus": "Activo"
    },
    {
        "idProducto": "RF03",
        "nombre": "Losartán",
        "nombreGene": "Losartan",
        "formaFarma": "Tableta",
        "unidadMe": "mg",
        "presenta": "28 tabletas",
        "princiInca": "Control de la presión arterial",
        "contraIndi": "Embarazo",
        "concentra": "50 mg",
        "unidades": "28",
        "precio": "$96.85",
        "ruta": "ruta/losartan.jpg",
        "codigoBarras": "753951852",
        "estatus": "Activo"
    },
    {
        "idProducto": "RF03",
        "nombre": "Atorvastatina",
        "nombreGene": "Atorvastatin",
        "formaFarma": "Tableta",
        "unidadMe": "mg",
        "presenta": "90 tabletas",
        "princiInca": "Reducción del colesterol",
        "contraIndi": "Enfermedad hepática",
        "concentra": "40 mg",
        "unidades": "90",
        "precio": "$22.25",
        "ruta": "ruta/atorvastatina.jpg",
        "codigoBarras": "852963147",
        "estatus": "Activo"
    }
]
