[
    {
        "idEmpleado": 1,
        "nombre": "Sofía",
        "apellidoPa": "Hernández",
        "apellidoMa": "Gómez",
        "genero": "Femenino",
        "fechaNac": "2000-04-12",
        "rfc": "HEGS000412M8",
        "curp": "HEGS000412MGTRCOI2",
        "domicilio": "Calle de la Primavera #34",
        "codPostal": 36270,
        "ciudad": "Silao",
        "estado": "Guanajuato",
        "telefono": "4727654321",
        "fechaRegistro": "2023-08-07",
        "correoElectronico": "sofia@example.com",
        "puesto":"Empleado(EMPS)",
        "salario":"3200.75",
        "estatus": "Activo"
    },
    {
        "idEmpleado": 2,
        "nombre": "Diego",
        "apellidoPa": "Martínez",
        "apellidoMa": "Pérez",
        "genero": "Masculino",
        "fechaNac": "1999-09-05",
        "rfc": "MADP990905H2",
        "curp": "MADP990905MGTRCOI3",
        "domicilio": "Avenida del Bosque #56",
        "codPostal": 36260,
        "ciudad": "León",
        "estado": "Guanajuato",
        "telefono": "4778889999",
        "fechaRegistro": "2023-08-07",
        "correoElectronico": "diego@example.com",
        "puesto":"Empleado(EMPS)",
        "salario":"3000.60",
        "estatus": "Activo"
    },
    {
        "idEmpleado": 3,
        "nombre": "Valentina",
        "apellidoPa": "López",
        "apellidoMa": "Ramírez",
        "genero": "Femenino",
        "fechaNac": "2003-12-18",
        "rfc": "LORV031218H9",
        "curp": "LORV031218MGTRCGA3",
        "domicilio": "Boulevard de los Pájaros #78",
        "codPostal": 36270,
        "ciudad": "Silao",
        "estado": "Guanajuato",
        "telefono": "4727778888",
        "fechaRegistro": "2023-08-07",
        "correoElectronico": "valentina@example.com",
        "puesto":"Administrador(ADMC)",
        "salario":"4500.40",
        "estatus": "Activo"
    },
    {
        "idEmpleado": 4,
        "nombre": "Andrés",
        "apellidoPa": "García",
        "apellidoMa": "Fuentes",
        "genero": "Masculino",
        "fechaNac": "2001-06-25",
        "rfc": "GAFA010625H1",
        "curp": "GAFA010625MGTRCOI4",
        "domicilio": "Calle del Sol #45",
        "codPostal": 36275,
        "ciudad": "León",
        "estado": "Guanajuato",
        "telefono": "4777123456",
        "fechaRegistro": "2023-08-07",
        "correoElectronico": "andres@example.com",
        "puesto":"Empleado(EMPS)",
        "salario":"2800.90",
        "estatus": "Activo"
    },
    {
        "idEmpleado": 5,
        "nombre": "Lucía",
        "apellidoPa": "Ortega",
        "apellidoMa": "Hernández",
        "genero": "Femenino",
        "fechaNac": "2004-10-30",
        "rfc": "OHLU041030H3",
        "curp": "OHLU041030MGTRCOI5",
        "domicilio": "Avenida de la Luna #89",
        "codPostal": 36260,
        "ciudad": "León",
        "estado": "Guanajuato",
        "telefono": "4778527530",
        "fechaRegistro": "2023-08-07",
        "correoElectronico": "lucia@example.com",
        "puesto":"Empleado(EMPS)",
        "salario":"3100.20",
        "estatus": "Activo"
    },
    {
        "idEmpleado": 6,
        "nombre": "Juan",
        "apellidoPa": "Ramírez",
        "apellidoMa": "González",
        "genero": "Masculino",
        "fechaNac": "1997-02-17",
        "rfc": "RAGJ970217H4",
        "curp": "RAGJ970217MGTRCOI6",
        "domicilio": "Calle del Río #67",
        "codPostal": 36270,
        "ciudad": "Silao",
        "estado": "Guanajuato",
        "telefono": "4727894560",
        "fechaRegistro": "2023-08-07",
        "correoElectronico": "juan@example.com",
        "puesto":"Administrador(ADMC)",
        "salario":"4800.70",
        "estatus": "Activo"
    },
    {
        "idEmpleado": 7,
        "nombre": "María",
        "apellidoPa": "Gómez",
        "apellidoMa": "López",
        "genero": "Femenino",
        "fechaNac": "2002-08-11",
        "rfc": "GOLO020811H5",
        "curp": "GOLO020811MGTRCOI7",
        "domicilio": "Boulevard de las Flores #78",
        "codPostal": 36275,
        "ciudad": "León",
        "estado": "Guanajuato",
        "telefono": "4778521470",
        "fechaRegistro": "2023-08-07",
        "correoElectronico": "maria@example.com",
        "puesto":"Empleado(EMPS)",
        "salario":"3400.50",
        "estatus": "Activo"
    },
    {
        "idEmpleado": 8,
        "nombre": "Carlos",
        "apellidoPa": "Hernández",
        "apellidoMa": "Martínez",
        "genero": "Masculino",
        "fechaNac": "1995-07-18",
        "rfc": "HEMA950718H6",
        "curp": "HEMA950718MGTRCOI8",
        "domicilio": "Calle de los Pinos #56",
        "codPostal": 36270,
        "ciudad": "Silao",
        "estado": "Guanajuato",
        "telefono": "4727123456",
        "fechaRegistro": "2023-08-07",
        "correoElectronico": "carlos@example.com",
        "puesto":"Administrador(ADMS)",
        "salario":"2900.40",
        "estatus": "Activo"
    },
    {
        "idEmpleado": 9,
        "nombre": "Isabella",
        "apellidoPa": "Martínez",
        "apellidoMa": "Gómez",
        "genero": "Femenino",
        "fechaNac": "2003-03-25",
        "rfc": "MAGI030325H7",
        "curp": "MAGI030325MGTRCOI9",
        "domicilio": "Avenida del Sol #78",
        "codPostal": 36260,
        "ciudad": "León",
        "estado": "Guanajuato",
        "telefono": "4777778888",
        "fechaRegistro": "2023-08-07",
        "correoElectronico": "isabella@example.com",
        "puesto":"Administrador(ADMS)",
        "salario":"4600.30",
        "estatus": "Activo"
    },
    {
        "idEmpleado": 10,
        "nombre": "Felipe",
        "apellidoPa": "López",
        "apellidoMa": "Hernández",
        "genero": "Masculino",
        "fechaNac": "2000-09-15",
        "rfc": "LOHF000915H8",
        "curp": "LOHF000915MGTRCO10",
        "domicilio": "Boulevard de los Pájaros #45",
        "codPostal": 36270,
        "ciudad": "Silao",
        "estado": "Guanajuato",
        "telefono": "4727654321",
        "fechaRegistro": "2023-08-07",
        "correoElectronico": "felipe@example.com",
        "puesto":"Empleado(EMPS)",
        "salario":"3300.60",
        "estatus": "Activo"
    }
]
